{
  "device": "cuda",
  "torch": "2.12.0+cu130",
  "config": {
    "embed_dim": 256,
    "num_timesteps": 64,
    "num_signals": 2,
    "egomotion_dim": 256,
    "visual_history_dim": 896
  },
  "rows": [
    {
      "planner": "gru",
      "params": 829212,
      "latency_p50_ms": 50.303,
      "latency_p99_ms": 56.19,
      "jitter_ms": 5.886,
      "jerk_var_dAccel": 0.00014369490963872522,
      "curv_var_dCurv": 0.00038196396781131625
    },
    {
      "planner": "flow_matching",
      "params": 987650,
      "latency_p50_ms": 13.899,
      "latency_p99_ms": 20.712,
      "jitter_ms": 6.813,
      "jerk_var_dAccel": 4.214401721954346,
      "curv_var_dCurv": 1.9754880666732788
    },
    {
      "planner": "bezier",
      "params": 495370,
      "latency_p50_ms": 0.627,
      "latency_p99_ms": 1.514,
      "jitter_ms": 0.887,
      "jerk_var_dAccel": 4.991462446923833e-06,
      "curv_var_dCurv": 1.2037436363243614e-06
    }
  ]
}